{
    "description":"This mod adds 1 block... Get Harvey'ed... it also serves as a template for some reason...",
	"author":"Hellow Media",
	"license":"https://creativecommons.org/publicdomain/zero/1.0/",
	"modMetaVersion":"1",
	"tileMeta":[
		{
            "getharveyed": {
                "connectedTextureGroup":"",
                "collisionShape":"#",
                "connectedTextureRecipes":"",
                "mapColor": "B68D77",
                "carvableByCaves": "false",
                "showInInventory": "true",
                "inventoryTab": "Meme Blocks",
                "tooltipName": "Get Harvey'ed",
                "tooltipDescription": "Broderick Stephen Harvey Sr. is an American television host, producer, actor, and comedian. (Heavy explosive)",
                "variantIDs": "[]",
                "explosionRadius": "81920",
                "isFuse": "",
                "worldGen": [
                    {
                        "ore": {
                            "enabled": "false",
                            "minimumHeight": "",
                            "maximumHeight": "",
                            "minimumVeinLength": "",
                            "maximumVeinLength": "",
                            "genChance": ""
                        },
                        "blob": {
                            "enabled": "false",
                            "minimumSize": "",
                            "maximumSize": "",
                            "minimumTravel": "",
                            "maximumTravel": "",
                            "minimumHeight": "",
                            "maximumHeight": "",
                            "genChance": ""
                        }
                    }
                ]
            }
        }
	]

}