{
  "description": "1 bit RGB blocks",
  "author": "C-Corgi",
  "license": "GNU General Public License v3.0",
  "modMetaVersion": "1",
  "tileMeta": [
    {
      "Black": {
        "connectedTextureGroup": "",
        "collisionShape": "",
        "connectedTextureRecipes": "",
        "mapColor": "000000",
        "carvableByCaves": "false",
        "showInInventory": "true",
        "inventoryTab": "1 Bit RGB",
        "tooltipName": "Black Block",
        "tooltipDescription": "Black Block For Pixel Art",
        "variantIDs": "[]",
        "explosionRadius": "",
        "isFuse": "false",
        "worldGen": [
          {
            "ore": {
              "enabled": "false",
              "minimumHeight": "",
              "maximumHeight": "",
              "minimumVeinLength": "",
              "maximumVeinLength": "",
              "genChance": ""
            },
            "blob": {
              "enabled": "false",
              "minimumSize": "",
              "maximumSize": "",
              "minimumTravel": "",
              "maximumTravel": "",
              "minimumHeight": "",
              "maximumHeight": "",
              "genChance": ""
            }
          }
        ]
      }
    },
    {
      "Blue": {
        "connectedTextureGroup": "",
        "collisionShape": "",
        "connectedTextureRecipes": "",
        "mapColor": "0000ff",
        "carvableByCaves": "false",
        "showInInventory": "true",
        "inventoryTab": "1 Bit RGB",
        "tooltipName": "Blue Block",
        "tooltipDescription": "Blue Block For Pixel Art",
        "variantIDs": "[]",
        "explosionRadius": "",
        "isFuse": "false",
        "worldGen": [
          {
            "ore": {
              "enabled": "false",
              "minimumHeight": "",
              "maximumHeight": "",
              "minimumVeinLength": "",
              "maximumVeinLength": "",
              "genChance": ""
            },
            "blob": {
              "enabled": "false",
              "minimumSize": "",
              "maximumSize": "",
              "minimumTravel": "",
              "maximumTravel": "",
              "minimumHeight": "",
              "maximumHeight": "",
              "genChance": ""
            }
          }
        ]
      }
    },
    {
      "Green": {
        "connectedTextureGroup": "",
        "collisionShape": "",
        "connectedTextureRecipes": "",
        "mapColor": "00ff00",
        "carvableByCaves": "false",
        "showInInventory": "true",
        "inventoryTab": "1 Bit RGB",
        "tooltipName": "Green Block",
        "tooltipDescription": "Green Block For Pixel Art",
        "variantIDs": "[]",
        "explosionRadius": "",
        "isFuse": "false",
        "worldGen": [
          {
            "ore": {
              "enabled": "false",
              "minimumHeight": "",
              "maximumHeight": "",
              "minimumVeinLength": "",
              "maximumVeinLength": "",
              "genChance": ""
            },
            "blob": {
              "enabled": "false",
              "minimumSize": "",
              "maximumSize": "",
              "minimumTravel": "",
              "maximumTravel": "",
              "minimumHeight": "",
              "maximumHeight": "",
              "genChance": ""
            }
          }
        ]
      }
    },
    {
      "Red": {
        "connectedTextureGroup": "",
        "collisionShape": "",
        "connectedTextureRecipes": "",
        "mapColor": "ff0000",
        "carvableByCaves": "false",
        "showInInventory": "true",
        "inventoryTab": "1 Bit RGB",
        "tooltipName": "Red Block",
        "tooltipDescription": "Red Block For Pixel Art",
        "variantIDs": "[]",
        "explosionRadius": "",
        "isFuse": "false",
        "worldGen": [
          {
            "ore": {
              "enabled": "false",
              "minimumHeight": "",
              "maximumHeight": "",
              "minimumVeinLength": "",
              "maximumVeinLength": "",
              "genChance": ""
            },
            "blob": {
              "enabled": "false",
              "minimumSize": "",
              "maximumSize": "",
              "minimumTravel": "",
              "maximumTravel": "",
              "minimumHeight": "",
              "maximumHeight": "",
              "genChance": ""
            }
          }
        ]
      }
    },
    {
      "White": {
        "connectedTextureGroup": "",
        "collisionShape": "",
        "connectedTextureRecipes": "",
        "mapColor": "ffffff",
        "carvableByCaves": "false",
        "showInInventory": "true",
        "inventoryTab": "1 Bit RGB",
        "tooltipName": "White Block",
        "tooltipDescription": "White Block For Pixel Art",
        "variantIDs": "[]",
        "explosionRadius": "",
        "isFuse": "false",
        "worldGen": [
          {
            "ore": {
              "enabled": "false",
              "minimumHeight": "",
              "maximumHeight": "",
              "minimumVeinLength": "",
              "maximumVeinLength": "",
              "genChance": ""
            },
            "blob": {
              "enabled": "false",
              "minimumSize": "",
              "maximumSize": "",
              "minimumTravel": "",
              "maximumTravel": "",
              "minimumHeight": "",
              "maximumHeight": "",
              "genChance": ""
            }
          }
        ]
      }
    },
    {
      "Yellow": {
        "connectedTextureGroup": "",
        "collisionShape": "",
        "connectedTextureRecipes": "",
        "mapColor": "ffff00",
        "carvableByCaves": "false",
        "showInInventory": "true",
        "inventoryTab": "1 Bit RGB",
        "tooltipName": "Yellow Block",
        "tooltipDescription": "Yellow Block For Pixel Art",
        "variantIDs": "[]",
        "explosionRadius": "",
        "isFuse": "false",
        "worldGen": [
          {
            "ore": {
              "enabled": "false",
              "minimumHeight": "",
              "maximumHeight": "",
              "minimumVeinLength": "",
              "maximumVeinLength": "",
              "genChance": ""
            },
            "blob": {
              "enabled": "false",
              "minimumSize": "",
              "maximumSize": "",
              "minimumTravel": "",
              "maximumTravel": "",
              "minimumHeight": "",
              "maximumHeight": "",
              "genChance": ""
            }
          }
        ]
      }
    },
    {
      "Cyan": {
        "connectedTextureGroup": "",
        "collisionShape": "",
        "connectedTextureRecipes": "",
        "mapColor": "00ffff",
        "carvableByCaves": "false",
        "showInInventory": "true",
        "inventoryTab": "1 Bit RGB",
        "tooltipName": "Cyan Block",
        "tooltipDescription": "Cyan Block For Pixel Art",
        "variantIDs": "[]",
        "explosionRadius": "",
        "isFuse": "false",
        "worldGen": [
          {
            "ore": {
              "enabled": "false",
              "minimumHeight": "",
              "maximumHeight": "",
              "minimumVeinLength": "",
              "maximumVeinLength": "",
              "genChance": ""
            },
            "blob": {
              "enabled": "false",
              "minimumSize": "",
              "maximumSize": "",
              "minimumTravel": "",
              "maximumTravel": "",
              "minimumHeight": "",
              "maximumHeight": "",
              "genChance": ""
            }
          }
        ]
      }
    },
    {
      "Magenta": {
        "connectedTextureGroup": "",
        "collisionShape": "",
        "connectedTextureRecipes": "",
        "mapColor": "ff00ff",
        "carvableByCaves": "false",
        "showInInventory": "true",
        "inventoryTab": "1 Bit RGB",
        "tooltipName": "Magenta Block",
        "tooltipDescription": "Magenta Block For Pixel Art",
        "variantIDs": "[]",
        "explosionRadius": "",
        "isFuse": "false",
        "worldGen": [
          {
            "ore": {
              "enabled": "false",
              "minimumHeight": "",
              "maximumHeight": "",
              "minimumVeinLength": "",
              "maximumVeinLength": "",
              "genChance": ""
            },
            "blob": {
              "enabled": "false",
              "minimumSize": "",
              "maximumSize": "",
              "minimumTravel": "",
              "maximumTravel": "",
              "minimumHeight": "",
              "maximumHeight": "",
              "genChance": ""
            }
          }
        ]
      }
    }
  ]
}