{
    "description":"This mod adds 8 types of TNT, and a Nuclear Bomb. It also serves as a template for others.",
	"author":"Hellow Media",
	"license":"https://creativecommons.org/publicdomain/zero/1.0/",
	"modMetaVersion":"1",
	"tileMeta":[
	    {
            "5x_tnt": {
                "connectedTextureGroup":"",
                "collisionShape":"#",
                "connectedTextureRecipes":"",
                "mapColor": "FFFF00",
                "carvableByCaves": "false",
                "showInInventory": "true",
                "inventoryTab": "Moar TNT",
                "tooltipName": "5x TNT",
                "tooltipDescription": "TNT that's 5x more powerful than regular TNT!",
                "variantIDs": "[]",
                "explosionRadius": "15",
                "isFuse": "",
                "worldGen": [
                    {
                        "ore": {
                            "enabled": "false",
                            "minimumHeight": "",
                            "maximumHeight": "",
                            "minimumVeinLength": "",
                            "maximumVeinLength": "",
                            "genChance": ""
                        },
                        "blob": {
                            "enabled": "false",
                            "minimumSize": "",
                            "maximumSize": "",
                            "minimumTravel": "",
                            "maximumTravel": "",
                            "minimumHeight": "",
                            "maximumHeight": "",
                            "genChance": ""
                        }
                    }
                ]
            }
        },
		{
            "10x_tnt": {
                "connectedTextureGroup":"",
                "collisionShape":"#",
                "connectedTextureRecipes":"",
                "mapColor": "FFFF00",
                "carvableByCaves": "false",
                "showInInventory": "true",
                "inventoryTab": "Moar TNT",
                "tooltipName": "10x TNT",
                "tooltipDescription": "TNT that's 10x more powerful than regular TNT!",
                "variantIDs": "[]",
                "explosionRadius": "30",
                "isFuse": "",
                "worldGen": [
                    {
                        "ore": {
                            "enabled": "false",
                            "minimumHeight": "",
                            "maximumHeight": "",
                            "minimumVeinLength": "",
                            "maximumVeinLength": "",
                            "genChance": ""
                        },
                        "blob": {
                            "enabled": "false",
                            "minimumSize": "",
                            "maximumSize": "",
                            "minimumTravel": "",
                            "maximumTravel": "",
                            "minimumHeight": "",
                            "maximumHeight": "",
                            "genChance": ""
                        }
                    }
                ]
            }
        },
		{
            "20x_tnt": {
                "connectedTextureGroup":"",
                "collisionShape":"#",
                "connectedTextureRecipes":"",
                "mapColor": "FFFF00",
                "carvableByCaves": "false",
                "showInInventory": "true",
                "inventoryTab": "Moar TNT",
                "tooltipName": "20x TNT",
                "tooltipDescription": "TNT that's 20x more powerful than regular TNT!",
                "variantIDs": "[]",
                "explosionRadius": "60",
                "isFuse": "",
                "worldGen": [
                    {
                        "ore": {
                            "enabled": "false",
                            "minimumHeight": "",
                            "maximumHeight": "",
                            "minimumVeinLength": "",
                            "maximumVeinLength": "",
                            "genChance": ""
                        },
                        "blob": {
                            "enabled": "false",
                            "minimumSize": "",
                            "maximumSize": "",
                            "minimumTravel": "",
                            "maximumTravel": "",
                            "minimumHeight": "",
                            "maximumHeight": "",
                            "genChance": ""
                        }
                    }
                ]
            }
        },
		{
            "40x_tnt": {
                "connectedTextureGroup":"",
                "collisionShape":"#",
                "connectedTextureRecipes":"",
                "mapColor": "FFFF00",
                "carvableByCaves": "false",
                "showInInventory": "true",
                "inventoryTab": "Moar TNT",
                "tooltipName": "40x TNT",
                "tooltipDescription": "TNT that's 40x more powerful than regular TNT!",
                "variantIDs": "[]",
                "explosionRadius": "120",
                "isFuse": "",
                "worldGen": [
                    {
                        "ore": {
                            "enabled": "false",
                            "minimumHeight": "",
                            "maximumHeight": "",
                            "minimumVeinLength": "",
                            "maximumVeinLength": "",
                            "genChance": ""
                        },
                        "blob": {
                            "enabled": "false",
                            "minimumSize": "",
                            "maximumSize": "",
                            "minimumTravel": "",
                            "maximumTravel": "",
                            "minimumHeight": "",
                            "maximumHeight": "",
                            "genChance": ""
                        }
                    }
                ]
            }
        },
		{
            "80x_tnt": {
                "connectedTextureGroup":"",
                "collisionShape":"#",
                "connectedTextureRecipes":"",
                "mapColor": "FFFF00",
                "carvableByCaves": "false",
                "showInInventory": "true",
                "inventoryTab": "Moar TNT",
                "tooltipName": "80x TNT",
                "tooltipDescription": "TNT that's 80x more powerful than regular TNT!",
                "variantIDs": "[]",
                "explosionRadius": "240",
                "isFuse": "",
                "worldGen": [
                    {
                        "ore": {
                            "enabled": "false",
                            "minimumHeight": "",
                            "maximumHeight": "",
                            "minimumVeinLength": "",
                            "maximumVeinLength": "",
                            "genChance": ""
                        },
                        "blob": {
                            "enabled": "false",
                            "minimumSize": "",
                            "maximumSize": "",
                            "minimumTravel": "",
                            "maximumTravel": "",
                            "minimumHeight": "",
                            "maximumHeight": "",
                            "genChance": ""
                        }
                    }
                ]
            }
        },
		{
            "160x_tnt": {
                "connectedTextureGroup":"",
                "collisionShape":"#",
                "connectedTextureRecipes":"",
                "mapColor": "FFFF00",
                "carvableByCaves": "false",
                "showInInventory": "true",
                "inventoryTab": "Moar TNT",
                "tooltipName": "10x TNT",
                "tooltipDescription": "TNT that's 160x more powerful than regular TNT!",
                "variantIDs": "[]",
                "explosionRadius": "480",
                "isFuse": "",
                "worldGen": [
                    {
                        "ore": {
                            "enabled": "false",
                            "minimumHeight": "",
                            "maximumHeight": "",
                            "minimumVeinLength": "",
                            "maximumVeinLength": "",
                            "genChance": ""
                        },
                        "blob": {
                            "enabled": "false",
                            "minimumSize": "",
                            "maximumSize": "",
                            "minimumTravel": "",
                            "maximumTravel": "",
                            "minimumHeight": "",
                            "maximumHeight": "",
                            "genChance": ""
                        }
                    }
                ]
            }
        },
		{
            "320x_tnt": {
                "connectedTextureGroup":"",
                "collisionShape":"#",
                "connectedTextureRecipes":"",
                "mapColor": "FFFF00",
                "carvableByCaves": "false",
                "showInInventory": "true",
                "inventoryTab": "Moar TNT",
                "tooltipName": "320x TNT",
                "tooltipDescription": "TNT that's 320x more powerful than regular TNT!",
                "variantIDs": "[]",
                "explosionRadius": "960",
                "isFuse": "",
                "worldGen": [
                    {
                        "ore": {
                            "enabled": "false",
                            "minimumHeight": "",
                            "maximumHeight": "",
                            "minimumVeinLength": "",
                            "maximumVeinLength": "",
                            "genChance": ""
                        },
                        "blob": {
                            "enabled": "false",
                            "minimumSize": "",
                            "maximumSize": "",
                            "minimumTravel": "",
                            "maximumTravel": "",
                            "minimumHeight": "",
                            "maximumHeight": "",
                            "genChance": ""
                        }
                    }
                ]
            }
        },
		{
            "nuke": {
                "connectedTextureGroup":"",
                "collisionShape":"#",
                "connectedTextureRecipes":"",
                "mapColor": "FFFF00",
                "carvableByCaves": "false",
                "showInInventory": "true",
                "inventoryTab": "Moar TNT",
                "tooltipName": "20t Nuclear Bomb",
                "tooltipDescription": "A nuclear bomb that's 640x more powerful than regular TNT!",
                "variantIDs": "[]",
                "explosionRadius": "1920",
                "isFuse": "",
                "worldGen": [
                    {
                        "ore": {
                            "enabled": "false",
                            "minimumHeight": "",
                            "maximumHeight": "",
                            "minimumVeinLength": "",
                            "maximumVeinLength": "",
                            "genChance": ""
                        },
                        "blob": {
                            "enabled": "false",
                            "minimumSize": "",
                            "maximumSize": "",
                            "minimumTravel": "",
                            "maximumTravel": "",
                            "minimumHeight": "",
                            "maximumHeight": "",
                            "genChance": ""
                        }
                    }
                ]
            }
        }
	]

}