{
    "description":"This mod adds 2 Template Blocks, built to help you mod your way around!",
    "author":"Hellow Media",
    "license":"https://creativecommons.org/publicdomain/zero/1.0/",
    "modMetaVersion":"1",
    "tileMeta":[
        {
            "templateBlock1":[
                {
                    "connectedTextureGroup":""
                },
                {
                    "collisionShape":"#"
                },
                {
                    "connectedTextureRecipe":""
                },
                {
                    "mapColor":"9d4dbb"
                },
                {
                    "carvableByCaves":"false"
                },
                {
                    "worldGen":[
                        {
                            "ore":[
                                {
                                    "enabled":"true"
                                },
                                {
                                    "minimumHeight":"7"
                                },
                                {
                                    "maximumHeight":"120"
                                },
                                {
                                    "minimumVeinLength":"2"
                                },
                                {
                                    "maximumVeinLength":"17"
                                },
                                {
                                    "spawnChance":"60"
                                }
                            ],
                            "blob":[
                                {
                                    "enabled":"false"
                                },
                                {
                                    "minimumSize":"2"
                                },
                                {
                                    "maximumSize":"4"
                                },
                                {
                                    "minimumTravel":"2"
                                },
                                {
                                    "maximumTravel":"5"
                                },
                                {
                                    "minimumHeight":"7"
                                },
                                {
                                    "maximumHeight":"120"
                                },
                                {
                                    "spawnChance":"60"
                                }
                            ]
                        }
                    ]
                }
            ],
            "templateBlock2":[
                {
                    "connectedTextureGroup":""
                },
                {
                    "collisionShape":"#"
                },
                {
                    "connectedTextureRecipe":""
                },
                {
                    "mapColor":"9d4dbb"
                },
                {
                    "carvableByCaves":"false"
                },
                {
                    "worldGen":[
                        {
                            "ore":[
                                {
                                    "enabled":"true"
                                },
                                {
                                    "minimumHeight":"7"
                                },
                                {
                                    "maximumHeight":"120"
                                },
                                {
                                    "minimumVeinLength":"2"
                                },
                                {
                                    "maximumVeinLength":"17"
                                },
                                {
                                    "spawnChance":"60"
                                }
                            ],
                            "blob":[
                                {
                                    "enabled":"true"
                                },
                                {
                                    "minimumSize":"2"
                                },
                                {
                                    "maximumSize":"4"
                                },
                                {
                                    "minimumTravel":"2"
                                },
                                {
                                    "maximumTravel":"5"
                                },
                                {
                                    "minimumHeight":"7"
                                },
                                {
                                    "maximumHeight":"120"
                                },
                                {
                                    "spawnChance":"60"
                                }
                            ]
                        }
                    ]
                }
            ]
        }
    ]
}
