{
    "description":"This mod adds 2 Template Blocks, built to help you mod your way around!",
    "author":"Hellow Media",
    "license":"https://creativecommons.org/publicdomain/zero/1.0/",
    "modMetaVersion":"1",
    "tileMeta":[
        {
            "template_block":[
                {
                    "connectedTextureGroup":""
                },
                {
                    "collisionShape":"#"
                },
                {
                    "connectedTextureRecipe":""
                },
                {
                    "mapColor":"9d4dbb"
                },
                {
                    "carvableByCaves":"false"
                },
                {
                    "worldGen":[
                        {
                            "ore":[
                                {
                                    "enabled":"true"
                                },
                                {
                                    "minimumHeight":"7"
                                },
                                {
                                    "maximumHeight":"120"
                                },
                                {
                                    "minimumVeinLength":"2"
                                },
                                {
                                    "maximumVeinLength":"17"
                                },
                                {
                                    "spawnChance":"60"
                                }
                            ],
                            "blob":[
                                {
                                    "enabled":"false"
                                },
                                {
                                    "minimumSize":"2"
                                },
                                {
                                    "maximumSize":"4"
                                },
                                {
                                    "minimumTravel":"2"
                                },
                                {
                                    "maximumTravel":"5"
                                },
                                {
                                    "minimumHeight":"7"
                                },
                                {
                                    "maximumHeight":"120"
                                },
                                {
                                    "spawnChance":"60"
                                }
                            ]
                        }
                    ]
                },
				{
					"showInInventory":"true"
				},
				{
					"inventoryTab":"template mod"
				},
				{
					"tooltipName":"Template Block"
				},
				{
					"tooltipDescription":"Template Block added by Hellow Media's Template Mod"
				},
				{
					"variantIDs":""
				}
            ],
            "template_block_2":[
                {
                    "connectedTextureGroup":""
                },
                {
                    "collisionShape":"#"
                },
                {
                    "connectedTextureRecipe":""
                },
                {
                    "mapColor":"9d4dbb"
                },
                {
                    "carvableByCaves":"false"
                },
                {
                    "worldGen":[
                        {
                            "ore":[
                                {
                                    "enabled":"true"
                                },
                                {
                                    "minimumHeight":"7"
                                },
                                {
                                    "maximumHeight":"120"
                                },
                                {
                                    "minimumVeinLength":"2"
                                },
                                {
                                    "maximumVeinLength":"17"
                                },
                                {
                                    "spawnChance":"60"
                                }
                            ],
                            "blob":[
                                {
                                    "enabled":"true"
                                },
                                {
                                    "minimumSize":"2"
                                },
                                {
                                    "maximumSize":"4"
                                },
                                {
                                    "minimumTravel":"2"
                                },
                                {
                                    "maximumTravel":"5"
                                },
                                {
                                    "minimumHeight":"7"
                                },
                                {
                                    "maximumHeight":"120"
                                },
                                {
                                    "spawnChance":"60"
                                }
                            ]
                        }
                    ]
                },
				{
					"showInInventory":"true"
				},
				{
					"inventoryTab":"template mod"
				},
				{
					"tooltipName":"Template Block 2"
				},
				{
					"tooltipDescription":"Template Block 2 added by Hellow Media's Template Mod"
				},
				{
					"variantIDs":""
				}
            ]
        }
    ]
}
