{
  "description": "A mod that allows me to test features and a general use mod",
  "author": "C-Corgi",
  "license": "GNU General Public License v3.0",
  "modMetaVersion": "1",
  "tileMeta": [
    {
      "template.png": {
        "connectedTextureGroup": "",
        "collisionShape": "#",
        "connectedTextureRecipes": "",
        "mapColor": "FFFFFF",
        "carvableByCaves": "true",
        "showInInventory": "true",
        "inventoryTab": "DemoMod",
        "tooltipName": "Template Block",
        "tooltipDescription": "This block has no use",
        "variantIDs": "[]",
        "explosionRadius": "",
        "isFuse": "false",
        "worldGen": [
          {
            "ore": {
              "enabled": "false",
              "minimumHeight": "",
              "maximumHeight": "",
              "minimumVeinLength": "",
              "maximumVeinLength": "",
              "genChance": ""
            },
            "blob": {
              "enabled": "false",
              "minimumSize": "",
              "maximumSize": "",
              "minimumTravel": "",
              "maximumTravel": "",
              "minimumHeight": "",
              "maximumHeight": "",
              "genChance": ""
            }
          }
        ]
      }
    }
  ]
}