{
  "description": "A mod that allows me to test features and a general use mod",
  "author": "C-Corgi",
  "license": "GNU General Public License v3.0",
  "modMetaVersion": "1",
  "tileMeta": [
    {
      "000000": {
        "connectedTextureGroup": "",
        "collisionShape": "",
        "connectedTextureRecipes": "",
        "mapColor": "000000",
        "carvableByCaves": "false",
        "showInInventory": "true",
        "inventoryTab": "RGB",
        "tooltipName": "Black Block",
        "tooltipDescription": "Fully Black(#000000) Block For Pixel Art",
        "variantIDs": "[]",
        "explosionRadius": "",
        "isFuse": "false",
        "worldGen": [
          {
            "ore": {
              "enabled": "false",
              "minimumHeight": "",
              "maximumHeight": "",
              "minimumVeinLength": "",
              "maximumVeinLength": "",
              "genChance": ""
            },
            "blob": {
              "enabled": "false",
              "minimumSize": "",
              "maximumSize": "",
              "minimumTravel": "",
              "maximumTravel": "",
              "minimumHeight": "",
              "maximumHeight": "",
              "genChance": ""
            }
          }
        ]
      }
    },
    {
      "0000ff": {
        "connectedTextureGroup": "",
        "collisionShape": "",
        "connectedTextureRecipes": "",
        "mapColor": "0000ff",
        "carvableByCaves": "false",
        "showInInventory": "true",
        "inventoryTab": "RGB",
        "tooltipName": "Blue Block",
        "tooltipDescription": "Fully Blue(#0000ff) Block For Pixel Art",
        "variantIDs": "[]",
        "explosionRadius": "",
        "isFuse": "false",
        "worldGen": [
          {
            "ore": {
              "enabled": "false",
              "minimumHeight": "",
              "maximumHeight": "",
              "minimumVeinLength": "",
              "maximumVeinLength": "",
              "genChance": ""
            },
            "blob": {
              "enabled": "false",
              "minimumSize": "",
              "maximumSize": "",
              "minimumTravel": "",
              "maximumTravel": "",
              "minimumHeight": "",
              "maximumHeight": "",
              "genChance": ""
            }
          }
        ]
      }
    },
    {
      "00ff00": {
        "connectedTextureGroup": "",
        "collisionShape": "",
        "connectedTextureRecipes": "",
        "mapColor": "00ff00",
        "carvableByCaves": "false",
        "showInInventory": "true",
        "inventoryTab": "RGB",
        "tooltipName": "Green Block",
        "tooltipDescription": "Fully Green(#00ff00) Block For Pixel Art",
        "variantIDs": "[]",
        "explosionRadius": "",
        "isFuse": "false",
        "worldGen": [
          {
            "ore": {
              "enabled": "false",
              "minimumHeight": "",
              "maximumHeight": "",
              "minimumVeinLength": "",
              "maximumVeinLength": "",
              "genChance": ""
            },
            "blob": {
              "enabled": "false",
              "minimumSize": "",
              "maximumSize": "",
              "minimumTravel": "",
              "maximumTravel": "",
              "minimumHeight": "",
              "maximumHeight": "",
              "genChance": ""
            }
          }
        ]
      }
    },
    {
      "ff0000": {
        "connectedTextureGroup": "",
        "collisionShape": "",
        "connectedTextureRecipes": "",
        "mapColor": "ff0000",
        "carvableByCaves": "false",
        "showInInventory": "true",
        "inventoryTab": "RGB",
        "tooltipName": "Red Block",
        "tooltipDescription": "Fully Red(#ff0000) Block For Pixel Art",
        "variantIDs": "[]",
        "explosionRadius": "",
        "isFuse": "false",
        "worldGen": [
          {
            "ore": {
              "enabled": "false",
              "minimumHeight": "",
              "maximumHeight": "",
              "minimumVeinLength": "",
              "maximumVeinLength": "",
              "genChance": ""
            },
            "blob": {
              "enabled": "false",
              "minimumSize": "",
              "maximumSize": "",
              "minimumTravel": "",
              "maximumTravel": "",
              "minimumHeight": "",
              "maximumHeight": "",
              "genChance": ""
            }
          }
        ]
      }
    }
  ]
}